user_id_str,hashtags
47419120,BringBackBoris
1047128572303937500,-
1608125111315452000,"LovingBoris, Brexit"
1306660816272478200,"Brexit, EuropeanUnion, Government"
2473900885,"Brexit, Charlatans, RejoinEU"
1220248201367900200,"SadiqOut, SackSadiq"
518177597,Brexit
498939050,-
2320842841,"irexit, Frexit, Brexit, Italexit"
92386636,Brexit
1267720595439001600,-
1608873127798313000,-
788096451658313700,-
1482285152684462000,-
268201487,BringBackBoris
2954167529,-
444015120,-
2341908721,-
1177263040414306300,-
1490719768713875500,enoughisenough
1221151388408918000,-
1271033599,-
115777637,-
1598394232716333000,-
885617104963211300,-
1040186132649177100,-
291700411,-
580335213,Brexit
29674538,-
957920383910531100,"NoNetZero, EnoughIsEnough"
1368217212243353600,Brexit
936964963792576500,BREXIT
289986478,"CostOfLivingCrisis, luxurybeliefs"
1471797737456902100,-
505576616,"snpout, SturgeonDestroyerofScotland, sturgeonout, BigEck"
29803968,nomorelockdowns
567563098,-
1483572977853767700,-
1219973851972587500,-
1218985582149410800,BringBackBoris
1017466122042474500,-
1553043086632173600,-
1488608526637453300,BringBackBoris
1328813218559570000,-
560471376,-
72377367,-
1623701771053850600,-
144491343,"SexMatters, WomensRightsMatter, notourcrimes"
1566134266605568000,BringBorisBack
1124705089925599200,leftards
1551677963019616300,IStandWithJKRowling
1246169457371885600,-
1187899286,Brexit
1367102228172071000,Nuremberg2
1264602784118255600,-
1010445760935223300,Brino
1476311869266800600,"Bakhmut, ZelenskyWarCriminal"
791894487278682100,Brexit
1518722517560606700,Brexit
1536973525,-
751526284744921100,DiedSuddenly
953962826552545300,"GMB, skynews, BBCBreakfast, GBNews, Brexit"
1418143187739320300,IStandWithJKRowling
1583470397760176000,-
893111221,"bbcnews, itvnews, skynews, GBNews, ECHR, Brexit, BrexitBritain"
19464322,Brexit
1519010493603750000,-
1605630480862281700,"Brexit, Tories"
2445636295,IStandWithJKRowling
1081320968889552900,Brexit
2505446184,-
1500449352086605800,Brexit
1063051340342018000,-
3906154057,Brexit
42622053,"Brexit, investment, productivity"
910615659310207000,-
245927831,-
567711888,"neverlabour, BREXIT"
1271045525995950000,-
974342268718022700,Brexit
995059870679302100,brexit
430620548,"SCOTLAND, snpout"
1173241760178475000,-
720013442,-
1323270024618979300,-
1596411113058570200,-
83416651,-
1441749912,-
388895210,Brexit
1883272039,-
1511624426089062400,-
1397530359147942000,-
965608898299351000,-
1177851431992402000,-
454605822,"NeverLabour, Brexit, NeverEU"
1182685503767924700,SlavaUkraïni
926187339902222300,-
110268940,-
211279403,-
1521385386546806800,-
835245038397440000,-
59590288,-
3092871172,UkraineRussiaWar
1350718714195411000,"Ukraine️, UkraineWar"
20316349,-
2401718935,"WomenWontWeesht, ScottishNonceParty, ResignStrugeon"
84438608,WomenWontWeesht
839085172792385500,-
1518984574424002600,-
1612405337075716000,-
1345383865104396300,-
1594331410596335600,BREXIT
2922019893,-
774318362839179300,-
33991627,-
3665751795,"biologicalreality, sexnotgender"
1096091315752849400,-
701792063583612900,JeremyVine
989986250705834000,UkraineRussiaWar
119363934,"WestminsterHall, UkraineRussiaWar, Ukraine"
230748240,"NeverLabour, PMQs"
303123316,PMQs
1259410263587147800,"Tomorrowspaperstoday, pmqs"
1449323311612276700,"BrexitReality, BrexitReality"
1123236060488708100,-
1109442921533718500,NeverLabour
1085989875525001200,WhiteLivesMatter
1522171239196151800,-
245385315,neverlabour
1583770010689982500,ToryCorruption
1348982327137996800,-
1519578019060498400,"NeverLabour, LabourLies"
703922418084094000,NeverLabour
302704001,-
85333236,-
1200877893871718400,-
311138246,NeverLabour
830870047140753400,"WheresNickBrown, LabourLies"
96175513,-
947438512604962800,BringBackBoris
90358630,-
2191574745,-
560392870,-
3077435434,-
997840122,-
1586251863208370200,-
1208819873792635000,-
1555281878885834800,"Glasgow, LetWomenSpeak"
426948856,-
2773478013,-
50272660,-
1402594129,-
1158008019373953000,"bringbackboris, neverlabour, neverstarmer, fishyout"
1498346734455513000,BringBackBoris
2164666200,-
1172517098343583700,"BrexitBetrayal, BringBackBoris, MyPM, LoveBrexit, SaveBrexit"
1154773874074144800,-
1437866445459820500,-
1127535691435520000,-
941630953390264300,-
1391449631872192500,NEVERLABOUR
1501174413663903700,-
1330003220,-
1499489800881066000,-
4195512575,-
528880159,-
4885011105,-
1199822608495239200,-
1177271576787595300,NeverLabour
922775677555834900,-
41390185,ToryTraitors
739515266749616100,-
1561093995614412800,neverlabour
825756078373756900,-
1057391390483800000,"invasion, WEFpuppet, BritishChannel, ILLEGALimmigrants"
1511595899671224300,-
1230512824687976400,GTTO
1340633292769529900,-
2233899735,NeverLabour
873465298397134800,-
1307313535840645000,ToryTraitors
1341349780631502800,-
351188274,-
254688704,-
1683307597,-
52104753,-
868164703385792500,-
1605957108155011000,-
445757070,-
1394212805071577000,-
821197105800810500,"GreatReset, WEF"
732868196261335000,-
1504813297702477800,-
1588133584233287700,-
2774575145,ToryTraitors
819190915394744300,-
2535229640,-
1256149979896385500,"LetWomenSpeak, letwomenspeakglasgow"
2956567911,-
1470696996,ToryTraitors
1550109883806060500,NeverLabour
3293388957,-
830730949042245600,NeverLabour
1636153975,NeverLabour
1209429117227163600,-
1147778204901544000,-
1121481988895137800,-
1126270024224858100,-
1518829478625095700,-
1131845582241390600,neverLabour
862648814347448300,-
1258411856156385300,NeverLabour
3057046252,"StandingForWomen, LetWomenSpeak, SexNotGender"
21742163,"Labour, Israeli, PMQs"
84033608,-
555370896,-
2413089888,-
2250583491,"America, UkraineRussiaWar, Britain"
1013478473896251400,-
1537505970917675000,-
1107980868096798700,-
1380932562554601500,-
1118128074183327700,"Classdivision, wealth, CostOfLivingCrisis, WealthManagement, TikTok"
1420701860,BackBoris
1548628347617509400,"IllegalImmigrants, AsylumSeekers, IslamicExtremists, Gimmegrants, BenefitsMigrants, NewWorldOrder, GreatReset"
1167548584344137700,neverlabour
121171051,NeverLabour
946103869,-
1461386351266381800,neverlabour
1461643476194447400,-
35287698,-
489972600,"illegalimigrants, MSM"
839212734986219500,BringBackBoris
3097501949,pureblood
1511226674284843000,"LabourParty, NickBrown"
873638061149704200,"LabourParty, NickBrown"
19855310,"LabourParty, NickBrown"
1493723914844971000,-
170384525,neverlabour
54272639,EnoughIsEnough
3247034598,-
1016428604048199700,"LabourParty, NickBrown"
608245511,-
1100883491552743400,LetsGoWTO
1346349732994687000,NeverLabour
238003481,"LabourParty, NickBrown"
54014440,-
994924512,NeverLabour
1425334077461307400,"LabourParty, NickBrown"
1621264520629870600,"Labour, Israeli, PMQs"
3094337476,NeverLabour
980601671372951600,NeverLabour
1492602474431144000,NeverLabour
1509202156322177000,-
1577666992483467300,"Labour, Israeli, PMQs"
1042836171464822800,PMQs
92804452,-
1495412798356181000,NeverLabour
954399102414000100,-
1499771801911832600,-
349562694,"Labour, Israeli, PMQs"
745283414983581700,-
911994830603145200,NeverLabour
625542960,-
981208373625544700,-
2292149397,"Labour, Israeli, PMQs"
1914589758,-
2680324547,"Labour, Israeli, PMQs"
133630181,-
1547302652350009300,-
1133071616714432500,freetommyrobinson
184419487,-
336998951,-
1256990117018906600,NeverLabour
937049873882415100,NeverLabour
1026806432,-
839942015966146600,"NeverLabour, NeverAgain"
1172178792091177000,"Labour, Israeli, PMQs"
891747426830344200,-
713123197265264600,"Labour, Israeli, PMQs"
828297116787339300,-
601764326,"PMQs, ResignStrugeon"
431930749,"Labour, Israeli, PMQs"
150618812,PMQs
2327622204,NeverLabour
99705839,-
1493599711231680500,"PMQs, PoliticsLive, stoptheboats"
1214867909064953900,NeverLabour
1331532229168730000,-
2362785976,PMQs
222676286,-
1538770920281604000,-
868112495713685500,-
1088058865491558400,Nuremberg2
1316381991890280400,-
1573595484773662700,-
1468125602913955800,-
734036670392197100,-
1165493938666573800,"FreeTommy, TommyRobinson"
725303658695512000,-
2856627460,-
1447332626927440000,-
374141509,-
1889518374,-
266505722,"BRINO, EU"
1132707918426648600,-
1584126809297371100,-
1610706364065628200,"BBC, Brexiteer, JacobRhysMogg, TodayDebate, bullying, DefundTheBBC"
2182306589,-
1055792353875779600,-
1595562921664422000,resist
1429181838967328800,-
2975898872,-
2442325565,FreeTommy
1587922417451782100,freetommyrobinson
1387461217883676700,-
1593318306387316700,-
1305909315493130200,-
908408250948874200,-
1519695078335336400,-
748017317083287600,-
1251635633573056500,-
1397661002079129600,-
2178020449,-
1537099563772821500,"StandWithBoris, BringBackBoris, BringBackBJ"
2908119172,-
1605586614222209000,-
1383939804312662000,-
742614951341260800,"BringBackBoris, BringBackBoris, BringBackBoris"
849208541495914500,BringBackBoris
134818121,-
296963616,-
1543970156891734000,-
302871501,-
3194177710,-
540996409,-
717965426,-
1239655382840160300,whatcostoflivingcrisis
44727773,-
1491491616393154600,"Sunak, Hunt, BringBackBoris"
716752364,-
56337962,-
221489384,diedsuddenly
303206200,-
1114644022725873700,-
1490846886860894200,-
1407418087238930400,BringBackBoris
187514819,-
1202544472153874400,-
1608313901883482000,-
1115334573477511200,-
824741479,"SNPOut, ResignSturgeon"
1220723652049756200,"TaxDodger, ToryTaxEvasion, TorySleaze, channel4news, ToryCorruption, gbnews, Conservatives"
1178224933173940200,UKIP
1131991370892283900,GBNews
837715090145173500,-
19113055,-
1083320598024069100,"CrimesAgainstHumanity, Nuremberg2"
1591186093759766500,diedsuddenly
1175167350573850600,-
1147810394402119700,-
975089420830433300,-
1583364343839821800,bringbackboris
1260829732607791000,"StoptheShotsNow, VaccineDeath, VaccineSideEffects"
1307957675796426800,CovidScam
2843853782,-
2858004047,-
296150403,-
1210616696978968600,-
243798443,-
1586449840191545300,-
1350208810993000400,"NorthTyneside, CostOfLivingCrisis, pettypolitics"
351195189,"unions, labour, costoflivingcrisis"
1487676951561134000,-
47825185,-
172026973,-
2723987679,UkraineWar
1536775576198979600,"BRINGBACKBORIS, HESOURPMVOTED4"
1108102342161977300,-
1500034148416860200,Nuremberg2
717334962,"BringBackBoris, BringBackBoris, BringBackBoris"
2189056412,-
3230577437,-
43096849,"WEF, WEFisEvil, WEFpuppets, WakeupUk, WakeUpNow, Agenda2030, ResistTheWEF"
1593665471483728000,-
936228202548285400,covidscam
1596955979610001400,"antiwhite, WhiteGenocide, TheGreatReset"
1170145521979277300,-
1451895791598047200,-
2598077932,-
1216994762332541000,"mrna, heartattack, diedsuddenly, DiedSuddenlydocumentary, lisamariepresley, FauciFiles, Bhakdi"
1426680248729493500,Nuremberg2
729726304128479200,-
1240926044544209000,-
1039983259629830100,-
117529098,-
16471355,-
1381196690619777000,-
1248867581852868600,-
926196061873504300,-
3125021033,-
385131874,BringBackBoris
954812194415407100,-
202777375,-
921731114154254300,-
1108761263612592100,-
1015191643643961300,-
100593330,FreeTopG
1050451419231412200,-
141682597,-
3159689932,-
1533820422860464000,-
2488356031,-
1472339259763871700,-
860860003376345100,"italexit, UE, COVID"
1318663187529715700,-
1458460754634584000,-
1183767293958017000,-
297449460,-
155218310,-
1519236320127864800,-
997474688094949400,-
747850941618098200,-
281969345,-
28751089,CostOfLivingCrisis
331736538,-
876459195582820400,-
1121398605024309200,WeWereNeverAsked
1601505903311732700,-
237773578,-
426880043,-
261373389,-
939172900728397800,-
328078483,-
1572587373191434200,-
872198813645230100,-
804081187828486100,-
236287913,-
1349313343828467700,-
1125685926,-
1575410742580363300,-
1362775876337868800,-
1176363862377009200,diedsuddenly
1176590968994373600,-
1587939007752802300,-
1586015979229921300,-
34308365,-
1589614132923449300,-
2402961979,-
1440772424019038200,-
1610385653006467000,-
1879916905,-
1114241802524069900,-
731592435764199400,-
2174090841,TRUMP2024
573917474,-
1105601787237724200,-
2426001486,BringBackBoris
300189462,-
1000874646588272600,blinkered
154255532,-
566427911,-
341116258,"Sunakout, BringBackBoris"
251616488,-
15605368,"ERG, Spartans"
47311053,BringBackBoris
916595825639329800,-
2301690978,-
1567591745860374500,-
1401264911494303700,-
2438723536,-
1519216640,-
4282762874,-
3286007882,-
1512804559281922000,-
1124723353795932200,-
231941329,-
544623183,-
20939586,-
129911896,-
222431083,-
706903864,-
25188157,StraightPride
1495136901501800400,-
29790622,-
2715070556,-
1564738940980154400,-
19577565,BringBackBoris
388842885,-
1181910023699681300,-
1206178167704244200,-
1365660754473533400,-
1491866659392565200,-
763451897441312800,-
836905958953607200,-
1009671445,-
823524449118986200,-
253259373,BringBackBoris
3233629863,-
70963460,-
1501261116994777000,-
95038648,"Brits, Remainers, Remoaners"
3345501839,-
497083469,-
982728400669376500,"NeverRichiSunak, BringBackBoris"
1269962839101452300,"gasprices, EnergyBills, EnergyCrisis, CostOfLivingCrisis"
1250871884620726300,-
724573191318954000,-
211913837,-
1072579551245594600,-
1164433838485004300,-
51052182,-
1170755227588411400,"lockdowns, strikes, wokery"
1586640588279091200,-
728521481915879400,-
1474053133588381700,-
1590746826747121700,-
866339682610798600,-
1265640405338656800,-
1470663573571518500,government
966028341504565200,-
1115437423,-
4733538454,-
1584133002703011800,-
1036046002405429200,-
958778962443948000,-
1441028077329412000,-
1424290889682260000,-
80116819,-
1587170197881880600,-
293682701,-
1548317332140765200,-
1358844720374550500,-
1249801910112133000,-
1263652914796601300,"PakistaniGroomingGangs, pakistaniperverts"
59090721,-
1376433195978199000,-
1551954380102008800,diedsuddenly
729035718207615000,-
960304063,-
65587882,-
1566324052809187300,-
1578832079932035000,-
749173466440564700,-
1304101225395351600,-
564914162,-
2888392882,-
1179117239657750500,-
369944953,-
51123223,-
881275542670118900,-
303409515,-
18590126,-
1213771654343454700,"SlyNews, BrokenBritain, EnoughIsEnough"
18533884,-
379324521,-
3342516293,-
37917900,-
960287140952371200,SNPputtingwomenindanger
219613402,-
125736811,-
1232380009442087000,-
86942562,-
1038858249783652400,-
1072763697750257700,-
48507794,-
1160722275018129400,-
1556703786751729700,-
1431741104437801000,-
4860246311,-
319052627,-
1446773636359147500,-
580213033,-
2170986966,-
907973497,-
1679156611,-
713334773,-
957596459947487200,-
1430988237334532000,"RishiOut, BringBackBoris"
760871840403296300,-
893434602,-
1598175983844065300,-
925797221462921200,"leaveourkidsalone, leaveourkidsalone, leaveourkidsalone"
1253743773990957000,-
37666081,-
4715325807,-
2472287531,-
1586294388627542000,-
1567598164181487600,-
1168507208608505900,-
206859470,-
1195083401394569200,-
1306143782472233000,-
406577085,ToryCorruption
1470860918187827200,-
1200521349468479500,-
1098915015527157800,-
767338980,-
1095640051189514200,-
1322423902790951000,-
893271367,ScumMedia
2826062067,-
2262102681,-
1589471913318940700,TRUMP2024ToSaveAmerica
888454499408515100,-
1338931853324148700,-
1439854885361569800,"BBCQuestionTime, Brexit, bbcqt"
1322868027810001000,-
1591547444948525000,-
1279771579283538000,-
4767387624,-
1213597279103250400,-
1578823533353963500,-
951821069626892300,-
1570283053678821400,-
1595463295166828500,-
3399921652,-
1078716904938893300,-
1540950901753614300,-
2998728130,-
1288402242802987000,-
1534677828603723800,BrokenBritain
708035744175145000,IStandWithJKRowling
2981674642,-
1209854734171070500,-
4559222536,-
1588284752179724300,-
1495472007756005400,-
2706840112,-
1346208063464812500,-
740215111,-
33892386,NeverLabour
51173615,-
871951087,-
29991372,-
936541477546709000,-
2986549852,-
976561810844287000,britishveterans
1034784655,-
241629376,-
1186206632285495300,-
365412691,-
794103727053541400,-
1347303736104939500,-
1587162553930612700,-
237797274,-
1590472820949221400,"FreeloadingScum, EnoughIsEnough"
1456754982624141300,-
1429372549205569500,-
1067045067926446100,-
1265646346004041700,"ScottishIndependence, brexit"
712391348,-
187210167,-
1100516941725397000,-
1848931411,-
242863658,-
899181940670029800,Brexit
915537738518204400,-
1593847243,-
406441931,IllegalImmigrants
1189482765651234800,-
1498755804601757700,-
1179809116371456000,-
302725154,-
48313765,-
146797169,-
3385885769,-
142624974,-
3119927967,-
381698232,-
585855293,-
1445361016645243000,-
3029232148,-
296102282,-
1340688685189226500,-
287670302,-
1250122695070679000,-
1595375077897429000,-
85411848,-
295788668,-
702825284161179600,-
1033483898,-
272462821,-
1087433400762417200,-
1588133467157631000,-
802796595519615000,-
3420511259,"Twitter, Poll"
2927879063,-
133760029,-
1446136997018431500,-
22079247,-
752152229335928800,-
1301799696118222800,-
1575734493134336000,-
1276994943987454000,HarryandMeghanNetflix
1222947709,-
1383050746455810000,invasion
1054386716591734800,-
2740929508,-
1594292488193319000,-
1134400612978888700,-
803237801965842400,JoinMe
1050488889004175400,"ratdesertingsinkingship, BringBackBoris"
426582848,-
1571879676565487600,-
874331984004251600,-
619294094,"transwomenaremen, DownWithWoke"
1544013159891075000,-
807319786816413700,-
828449476150849500,-
1033554119666159600,-
1310552072568307700,-
1534478670835982300,-
465759623,-
1167529031358697500,-
1237095233776685000,"tuesdayvibe, EnergyCrisis, homelessness, Pensioners, CostOfLivingCrisis"
570917572,-
800277184912838700,-
546935232,BringBackBoris
291721013,-
67093859,BringBackBoris
426978376,-
1316989234662748200,-
397961628,-
43200565,-
330841007,BringBackBoris
1131224267243368400,-
924051298571440100,"thebudget, illegals, lockdown"
1025507015689490400,-
4011107243,-
1397095256382902300,-
983084608228077600,"HS2, Immigration, budget, CostOfLivingCrisis"
233323910,-
1145376345880318000,-
1202168363415490600,-
711163572806684700,-
1454039159484604400,-
1260440646,-
1207099187801841700,-
874689803824005100,-
751375563345002500,-
175409530,-
739728215573418000,-
705068792,-
1163563513262104600,-
2202864231,leavemeansleave
1159946014280863700,-
1199417645038284800,-
1021034676151087100,-
3906935612,-
866176998921646100,"RNLI, Immigrants, ImmigrationMatters, channelcrossing"
2629565956,-
719136898460028900,-
785461313656979500,-
1582441254507450400,-
1298653076979671000,ILLEGALimmigrants
1615782710,-
1080998174,-
88799777,WomensRightsAreHumanRights
53978081,"invasion, ILLEGALimmigrants, ChannelCrossings, dinghy"
1564572401647624200,-
1379004571742318600,-
1204386228096950300,-
280598058,-
271297553,-
1577308296578465800,"RemoveRishi, UnelectedPM, VoteThemOut, ToriesNotFitToGovern, SaveBrexit, MBGA, BorisIsMyPM, FuckTheEU"
1248364473066369000,BringBorisBack
1569955908263739400,-
1363581816079347700,"NeverSunak, Boris4PM, BackBoris"
895881930,"GeneralElectionN0W, BackBoris, GeneralElectionN0W"
1274351306,"NeverSunak, BackBoris"
4514312056,BackBoris
1465426198796898300,-
160890248,BringBorisBack
877887894391795700,-
1313188916011446300,"backboris, NeverRishi"
299615529,-
1386701462542164000,"BringBorisBack, NeverRishi"
1137038518860075000,-
720939660004884500,"BackBoris, BorisJohnson"
1534998655475777500,BackBoris
211647699,-
1151926190996959200,BackBoris
776795508111269900,BackBoris
4618694175,"NeverRishi, BackBoris"
944580756827000800,backboris
1451579581,backBoris
1048474290792923100,"ResignSturgeon, democracy"
158021529,-
823245840,-
780328553107849200,-
737584627590651900,-
1150166631710019600,-
569369019,-
71358356,-
573895433,BrexitParty
601319547,-
1191571219805548500,"VoteConservative, Tory"
887194467865956400,-
1440034778967724000,-
737649642498891800,-
39995256,-
4118296215,-
1552521153469620200,-
801446214784925700,-
1568203155325829000,-
214626013,-
1195084454055874600,-
303131389,-
1543718801031790600,-
1087390005784399900,-
969141591637221400,-
1523986522512543700,-
3092153367,destroyed
1559468694128009200,-
1249120106845819000,-
4083165995,Remoaners
500310949,-
912704069084631000,-
1352301768881926100,-
339191709,-
1529047844866429000,lovebrexit
1445116397470851000,-
1523667760861036500,-
351512992,-
3084357208,straightpride
1363620603626991600,-
1320000381993341000,-
1159057465750818800,-
1356347216252842000,-
1535894022228541400,-
743387386034401300,-
1141097117005570000,-
1543703772349726700,-
1146793207902199800,-
1313604732892700700,whitelivesmatter
1125885177597694000,-
129448384,-
1051253983824752600,-
1137375059562192900,-
303661198,-
754306707728306200,-
1570119829,-
764444151727398900,-
1108447148918620200,-
1523393291915608000,-
1450731459493388300,-
899915603565269000,-
231438804,-
1112084184,-
956610254,-
23099471,"Brexit, BackBoris"
1055620096285179900,-
3879830662,-
863088720509055000,-
1178739008312135700,-
19863335,-
237801911,-
1330480216733573000,-
1290572123191365600,-
2813476304,ScumMedia
406322594,-
297892496,-
1488244361833951200,-
1157610890587508700,-
970045409535168500,-
1162387720477520000,-
1464729772601315300,-
1279941805,-
2557405320,-
753329253589090300,-
1223930236821217300,"BackBoris, SaveBrexit"
1392716068133671000,-
1368925543119392800,-
4202931753,-
235508398,-
974019358900084700,-
1020420107758112800,wokemisogyny
1310251025278865400,-
4634089575,-
888231752,-
1429027583170121700,voteTory
4321305171,-
187932362,"illegalimmigrants, brexitarticle16, risingtaxes, groominggangs, climatenonsense, crime, china"
1143898449731100700,-
223879878,StopTheBoats
50606496,-
1299624774205931500,-
303269043,-
1112751818642083800,"getBrexitdone, realBrexit, NorthernIreland, customsunion, EU, Brexit, UK, Demetrication, goBritishimperial, metrication, Saturdaythoughts"
129749172,-
1195088555414106000,-
1264209165406306300,-
1697215020,-
1015361190032265200,-
1422066321941008400,"WeAreIndigenous, WhiteLivesMatter, NationalBritishUnion"
1415197219750355000,-
451480593,-
413197245,-
1262386685318508500,-
436079725,-
3045149182,-
10196452,-
541958609,-
2992709776,-
308962107,-
1237499701731221500,-
1221792445517770800,"snpout2021, sacksturgeon, votetory, corruptFM"
70605313,-
1280464785847529500,-
1117578276111880200,-
2832808677,-
1352278459,-
1270713777177018400,"EU, BetterOffOut"
1110997032137883600,-
1317402361791418400,-
1107139199835230200,"GETBREXITDONE, IMMIGRANTSSTEALINGOURJOBS"
1198778601396568000,WTOBrexit
1059796085164642300,-
1153336941515092000,"nowayEU, letsgoWTO"
2570910613,"NoDealBrexit, Brexit, BrexitDeal, BorisJohnson, WithdrawalAgreement"
1332141276691636200,standup4brexit
1331968478153224200,GetBrexitDone
746757909510520800,GetBrexitDone
402897078,-
370031973,GetBrexitDone
131140715,WhiteLivesMatter
1264996072344125400,WhiteLivesMatter
1205249985593454600,WhiteLivesMatter
1265435997912907800,getbrexitdone
1261596260592767000,"WhiteLivesMatter, AllLivesMatter, CHAZ"
1194024486024204300,-
1275482776234610700,"whitelivesmatter, white, bread"
1193613314821181400,whitelivesmatter
1272457256181862400,"BLM, WhiteLivesMatter, PregnantWoman, GeorgeFloydMurder, GeorgeFloyd, gentlegiant, ScumMedia, minneapolisriots"
969956488415531000,WhiteLivesMatter
1534061544,"WhiteLivesmatter, BlackLivesMatter"
888329478216319000,-
1267288301112905700,"ALLLIVESMATER, WhiteLivesMatter, BLMprotest"
1341576978,"BlackLivesMatter, WhiteLivesMatter, AllLivesMatterNotJustBlack"
77465551,"WhiteLivesMatter, BlackLiesMatter"
918917182473625600,"AllLivesMatter, WhiteLivesMatter"
1144190523302928400,getbrexitdone
818457496134287400,WhiteLivesMatter
141270152,WhiteLivesMatter
1268619123682148400,WeAreTheMediaNow
1259109233724883000,-
165813456,WhiteLivesMatter
1121488403638431700,"getbrexitdone, WTOhereWeGo"
1109618186343850000,WhiteLivesMatter
894243621955915800,"GetBrexitDone, payback, Brexit"
35695255,GetBrexitDone
976614048,betteroffout
436215581,"Brexit, GetBrexitDone, MakeBritainGreatAgain"
139470915,"Brexit, GetBrexitDone, GeneralElection2019"
1135479287111454700,StandUp4Brexit
1169969452412231700,"Brexit, GetBrexitDone, NeverLabour"
2908265936,GetBrexitDone
1069836988759580700,"Brexit, GetBrexitDone"
737650518,"brexit, GetBrexitDone"
1162649529965043700,"Consquences, GetBrexitDone"
1171381847273746400,GetBrexitDone
4689786181,"2019in5words, Brexit, Democracy, MerryBrexmas, MerryChristmas, GetBrexitDone"
53183965,GetBrexitDone
1185606793885618200,"PeoplesParliament, GetBrexitDone, Bielsa, lufc, GetPromotionDone"
34439678,GetBrexitDone
1313305328,GetBrexitDone
897784359075426300,"GeneralElection19, BackBoris, GetBrexitDone"
983414025127170000,GetBrexitDone
1030780901670756400,"GetBrexitDone, PeoplesPrimeMinister"
748139108560670700,GetBrexitDone
930320356044402700,"BackBoris, GetBrexitDone, PeoplesPrimeMinister"
761042909730775000,getbrexitdone
1189861466406576000,"GetBrexitDone, VoteConservative"
456032684,"BackBoris, GetBrexitDone"
1124387043633766400,"vote, OxfordEast, GetBrexitDone, GE2019"
874258145727656000,GetBrexitDone
160245428,"VoteConservativeActually, GetBrexitDone"
1101100633627738100,"VoteConservative, BackBoris, GetBrexitDone"
494044016,"Fishermen, Britain, Boris, GetBrexitDone"
1164428862345896000,Getbrexitdone
1176458064851034000,"GeneralElection2019, GE2019, GetBrexitDone"
741927788672917500,Getbrexitdone
133444188,GetBrexitDone
1146194764850769900,GetBrexitDone
79841328,GetBrexitDone
47242164,"BackBoris, GetBrexitDone"
29503720,"ConservativeManifesto, BackBoris, GetBrexitDone"
1169377614320062500,"debate, neutral, fencesittingSocialists, plonker, BackBoris, GetBrexitDone"
2366289828,"GetBrexitDone, bbcqt"
1188806396814516200,"BackBoris, GetBrexitDone"
21514100,GetBrexitDone
1197099971138470000,GetBrexitDone
1167883865102459000,"LeadersDebate, BackBoris, GetBrexitDone"
1084512488819957800,"getbrexitdone, gotbrexitdone"
1102674051028475900,"GetBrexitDone, BackBoris, ITVLeadersDebate"
142743754,getbrexitdone
1148206636726702100,GetBrexitDone
769614020215205900,"VoteTactically, dontvotelabour, votebrexit, VoteBrexitParty, VoteConservative"
1133418746612207600,"BetterOffOut, WTOBrex"
1192832738304364500,"GetBrexitDone, LeaveMeansLeave"
1183457718071431200,BrexitParty_UK
25036429,getbrexitdone
618325011,"GetBrexitDone, NoDealBrexit"
906367542,"GeneralElectionNow, GetBrexitDone"
1045965916880687100,"GetBrexitDone, BackBoris"
2606493939,"HOC, GetBrexitDone"
879018942307737600,"backboris, euBLOODYeu, LeaveOct31st, GetBrexitDone, respectpeopleschoice, democracy"
1103794001621274600,"GetBrexitDone, BackBoris"
76746420,"GetBrexitDone, GE, wedontforgiveorforget"
223481064,"Brexit, GetBrexitDone"
69809041,GetBrexitDone
1436717791,getbrexitdone
104231867,"NoTreaty, NoSurrender, BritishIndependence, GetBrexitDone"
871251042478022700,GetBrexitDone
1139631377379483600,"BackBoris, GetBrexitDone"
1206408073,"PeoplesPrimeMinister, BackBoris, GetBrexitDone"
1201473974,"JustSaying, BetterOffOut, Brexit, BritishIndependance"
1177542948386476000,"GetBrexitDone, NoSurrender, corbynisaloser"
265402460,GetBrexitDone
763509133626794000,"BackBoris, ThePeoplesPrimeMinister, GetBrexitDone"
1167739584530256000,GetBrexitDone
1172493825832566800,"GetBrexitDone, LeaveOct31st"
1158008590017413000,getbrexitdone
38176082,GetBrexitDone
1090718766525280300,"civilwar, getbrexitdone"
1169964018225881000,"BrexitExtension, GetBrexitdone"
2431694117,"GetBrexitDone, peoplesprimeminster"
510361549,"GetBrexitDone, StandUp4Brexit, NoDealBrexit"
1178656658525999000,GetBrexitDone
1160290952168104000,getbrexitdone
785512913989763100,GetBrexitDone
1110673554960539600,"GetBrexitDone, SurrenderAct, SurrenderBill, Humbug, NoSurrender"
2778068662,GetBrexitDone
1177881391478038500,GetBrexitDone
579706524,"GetBrexitDone, Surrenderbill"
739194002361225200,GetBrexitDone
18770725,"GetBrexitDone, GetBrexitDone, GetBrexitDone, GetBrexitDone, GetBrexitDone"
23225699,GetBrexitDone
2351464711,GetBrexitDone
876166421394403300,"Brexit, GetBrexitDone"
73429199,GetBrexitDone
624769882,GetBrexitDone
20671688,"brexit, GetBrexitDone"
781237525,"SaveBrexit, GuardiansOfDemocracy"
550906129,"Brexit, TraitorMPs, savebrexit"
765239951848042500,RespectTheResult
1539231648,"realStory, Brexit, VoteBrexit"
864949072683290600,"VoteBrexit, TheBrexitParty, Cantbarragethefarage, LeavemeansLeave, Brexitmeansbrexit, brexitbetrayal"
2370452312,"MayMustGoNow, SaveBrexit"
1038114913426845700,-
962439214230011900,"keepaneyeon, eurosceptic, brexitcentral"
818158145264615400,"VoteBrexit, VoteConservative, SupportFalklands"
35054369,"democracy, TonyBlair, votedleave, brexit, UKIPSpring, bbcqt, bbcsp"
785272046,UKIPSpring
